precio,inversion_marketing,temperatura,ventas
186.6,227.42,17.6,402
88.51,240.43,8.3,155
102.59,305.19,24.3,770
87.68,267.13,25.9,759
126.98,308.27,28.6,720
120.84,456.61,29.7,863
143.72,196.92,30.7,480
171,151.8,32.4,309
164.54,386.13,8.9,259
177.32,17.67,12.8,0
189.95,44.6,1,0
152.27,137.46,32.2,347
63.04,492.39,21.2,1057
133.99,209.83,0.9,0
84.62,51.68,12.4,71
131.24,154.76,1.6,0
182.2,289.59,10.8,193
163.37,388.39,13.8,546
101.75,347.74,24.4,800
181.42,406.34,9.4,271
195.11,286.43,6.2,0
155.68,480.35,8.6,344
115.35,142.15,25.8,482
152.48,314.33,25.6,623
63.42,324.83,1.9,0
125.39,164.93,26.4,519
129.34,283.18,16.4,552
121.38,316.63,15.6,530
129.2,492.7,39.9,528
55.66,336.82,5.7,147
95.17,303.11,22.3,754
53.77,335.66,23,873
74.63,85.72,17.4,410
84.09,402.9,4.8,123
69.76,143.03,30.3,544
135.18,324.62,17,627
178.24,309.84,37.5,304
68.98,275.17,4.6,0
187.78,120.42,38.5,0
79.2,492.26,39.7,648
122.77,140.79,17.5,337
170.05,440.65,32.7,702
175.4,408.25,0.3,0
139.13,379.64,30,708
150.99,425.87,22.5,824
187.63,277.52,17.7,476
144.3,434.87,8.2,323
74.35,297.41,23.3,820
134.74,452.27,7.4,328
160.54,128.55,20.9,386
144.27,143.04,35,217
119.97,25.5,23.1,317
128.96,30.06,9.3,0
177.38,414.22,17.5,670
127.39,169.11,26.6,490
94.95,439.15,4.7,142
55.99,71.65,37.3,171
74.49,169.38,22.6,635
55.09,216.38,8.3,146
87.22,75.11,22.5,412
130.45,364.38,24.5,816
113.18,442.8,2.2,0
124.37,24.36,19.7,225
178.38,395.99,33.4,578
61.74,253.84,4.2,0
126.64,235.25,21.3,599
95.73,253.88,15.7,513
98.75,78.96,15.5,271
133.43,142.97,31.9,306
114,238.28,0.4,0
67.57,334.86,32.3,720
112.91,330.8,5.7,55
105.85,357.12,16.5,669
176.19,230.92,27.7,453
114.34,326.73,29.6,727
102.24,214.76,35.7,437
151.28,482.99,16.2,766
100.33,175.45,21.1,499
141.9,236.37,17.7,504
79.37,444.38,29.3,963
176.7,316.06,31.5,559
89.17,43.06,27.7,392
196.1,365.55,30.7,572
101.74,15.5,24.6,367
54.94,365.49,10,514
97.32,108.48,8.1,0
174.43,212.92,22.4,461
145.79,427.79,38.7,434
148.35,65.25,4.5,0
59.6,255.75,28.9,691
68.64,477.75,23.5,1029
187.22,160.85,4.3,0
195.11,218.89,35.1,198
52.73,456.3,22.4,1107
53.01,366.92,36.8,632
136.07,71.33,35.8,120
67.07,158.78,15.8,418
52.53,370.89,29.9,864
151.86,50.63,14.3,6
189.63,325.54,19.3,543
51.96,223.86,3.3,0
143.28,467.73,11.3,503
116.92,354.01,13.7,585
116.34,449.05,38.4,626
71.19,300.85,24.6,768
107.33,228.77,7.7,47
170.15,79.58,19.2,194
158.28,496.24,15.8,716
145.14,339.43,28.2,679
153.53,483.96,30.4,867
101.5,62.1,37.6,83
160.31,28.29,12.9,0
196.97,323.41,8.7,109
194.8,340.79,27.2,587
76.51,217.1,31.6,595
96.56,261.98,19.2,665
177.92,484.92,14,629
88.17,439.56,15.5,787
140.13,202.84,31.3,474
196.8,69.36,2.9,0
56.77,473.19,23.2,1120
174.75,346.31,18.1,586
196.36,106.27,16.1,130
151.15,457.34,26.3,848
102.81,122.51,31.7,394
178.33,424.9,38.2,395
119.91,353.77,33.5,663
107.33,234.84,38.6,293
187.11,19.76,25.3,182
55.52,48.83,13.3,171
175.11,299.91,28.2,554
147.59,324.96,14.8,498
68.03,395.13,10.7,582
194.17,326.84,36.6,369
170.28,408.24,4.1,0
181.96,11.74,16.5,32
60.35,162.93,16.4,488
135.11,333.28,33,618
142.27,422.84,9.3,390
70.65,109.32,32.9,351
82.69,422.67,37.9,641
87.64,176.48,19.3,549
130.35,414.62,0.5,0
127.31,198.29,6,0
157.27,408.04,36.7,566
120.56,221.91,21.7,602
61.13,365.16,3.2,0
161.66,187.89,5.5,0
78.42,260.37,25.1,691
84.2,24.06,26.9,363
144.63,202.77,27,473
133.84,454.94,9.5,420
104.81,224.95,12.6,311
87.29,126.12,2,0
140.18,170.75,11.7,133
192.42,277.14,26.1,545
172.89,326.5,16.7,536
84.28,165.87,3.1,0
70.99,450.85,13.6,775
80.97,147.2,27.3,523
163.08,318.82,32.9,524
64.03,46.38,34.2,267
62.34,465.96,14.1,814
138.83,116.07,21.2,396
195.01,338,3.1,0
111.74,218.61,22.3,593
99.42,176.53,25.2,557
133.21,255.78,11.7,245
122.98,212.89,28.6,589
52.74,429.82,1.8,0
100.72,207.11,17.4,461
123.26,252.92,13.2,316
109.25,295.05,30.2,706
89.83,128.26,21.3,480
91.25,15.54,37,4
171.22,154.38,20.3,312
158.84,441.49,39.2,419
153.81,237.37,8.2,0
75.08,268.45,4.6,0
146.29,243.4,26.4,540
194.21,65.23,12.2,0
124.11,115.47,35.9,202
150.97,409.54,18.6,741
188.42,163.78,5.4,0
95.57,135.89,13.8,279
128.55,475.79,7.6,374
82.08,458.21,2.7,7
83.18,475.1,12.8,758
175.17,394.59,21.1,702
56.04,477.01,24.1,1099
83.73,138.25,2.3,0
119.27,393.21,17.5,788
59.15,383.46,1.9,0
194.9,431.64,18.4,640
61.99,492.35,15.9,990
110.75,144.42,15.2,266
50.93,87.64,0.4,0
182.86,299.04,13.9,371
59.38,257.88,24.5,766
106.39,349.64,21.2,794
185.36,176.49,28.2,338
60.5,120.4,26.5,589
102.4,211.74,31.8,543
58.95,52.18,9.1,0
70.15,63.59,6,0
162.34,410.07,26.5,793
158.16,191.53,17.3,319
159.56,395.18,8.5,204
84.96,234.78,14.4,423
98.58,253.04,32,602
117.77,278.96,19.9,661
74.29,411.26,6.4,261
192.97,342.46,16.7,533
133.08,399.52,6.9,164
149.37,187.54,28,426
160.71,51.87,33.7,63
195.43,77.39,18.6,145
185.43,141.46,25.1,357
145.29,359.48,37.9,397
101.19,428.16,37.5,631
110.51,311.32,31.2,630
123.73,383.08,6.5,129
112.85,283.9,23.4,684
191.67,91.04,18.5,203
135.27,199.42,21.5,541
81.74,146.59,11.5,144
156.84,201.96,25.7,451
51.97,423.82,35.8,815
95.79,170.13,16.1,386
189.32,128.72,26.5,336
194.97,82.24,37.6,0
109.91,243.57,4.6,0
132.77,396.68,4.5,0
178.9,337.15,37.5,344
70.19,70.66,3.4,0
160.91,428.8,29.2,748
131.72,82.42,36.6,112
136.97,411.33,16.7,708
87.63,403.61,4.1,55
110.95,107.39,33.1,292
80.18,113.43,19.4,438
73.54,442.15,35.7,798
71.55,283.57,8.8,265
63.29,451.02,32.9,880
79.65,263.14,23.8,734
139.12,396.78,9.9,359
186.39,176.48,0.4,0
58.72,468.99,21.7,1098
100.22,217.44,21.6,620
91.87,291.01,11.8,432
171.58,208.15,16,350
168.28,489.97,23.7,881
180.04,26.25,34.5,37
109.53,259.2,13.2,418
187.85,451.74,26.4,801
67.95,484.5,14.7,919
158.26,375.66,26.9,754
88.65,429.14,35.3,804
164.02,384.37,27.7,693
195.81,288.6,16.3,342
155.29,271.86,32.7,524
166.99,203.02,32.9,327
177.52,466.44,16,703
187.83,282.91,0.4,0
181.03,28.71,26.7,153
167.84,23.29,30.7,140
198.71,373.56,13.9,430
159.53,32.82,29.6,149
139.7,419.48,25.8,830
158.74,145.39,23.8,401
74.83,219.52,13.9,444
151.74,56.93,16.1,97
103.43,303.48,6.6,68
56.22,445.6,32.1,984
165.58,471.28,11.6,503
60.87,421.01,17,853
60.96,480.49,34,971
93.41,217.68,12,316
84.52,110.27,4.7,0
61.83,80.86,1.7,0
109.93,422.6,11,482
133.91,439.42,0.2,0
124.65,135.89,25.8,474
64.05,367.88,2.8,0
118.18,72.6,19.1,308
136.3,314.78,35.2,493
114.84,106.77,38.4,76
52.61,455.63,1.1,0
96.62,199.41,36.6,371
169.28,477.79,2.7,0
149.05,472.39,24.8,939
158.44,99.18,13.6,118
106.63,263.73,15.4,542
75.92,315.63,1.4,0
56.28,235.98,8.5,234
124.59,269.9,35.1,438
179.76,99.48,13.3,61
183.31,164.93,34,267
124.45,117.74,38.3,77
54.19,478.6,3.5,231
114.78,220.82,23.8,609
153.81,413.33,19.8,734
95.17,413.3,33.4,817
108.94,435.75,11.8,567
72.9,386.21,19.7,881
106.88,293.42,30.1,646
73.65,55.71,20.9,400
143.21,209.56,13.9,268
96.54,78.14,3.8,0
81.35,461.48,15.6,823
128.02,29.18,8.4,0
60.76,473.97,31,1046
92.85,124.32,26.1,497
163.99,249.76,13.4,281
187.7,258.08,26.1,476
142.63,201.52,13.5,209
123.44,458.99,34,820
58.73,226.18,28.7,717
111.99,303.17,35.8,462
115.57,310.56,5.4,0
140.76,197.31,23,493
65.22,435.59,34.7,876
162.03,157.06,0.9,0
125.43,249.61,7.9,73
65.29,270.73,38,418
86.68,19.75,39,0
176.65,183.07,30.6,319
155.44,430.26,33.5,715
101.74,150.85,38.1,158
163.4,332.25,25.5,639
118.21,185.43,26.2,522
99.73,444.2,5.9,200
146.52,438.87,2.7,0
66.43,221.74,29.6,699
93.77,359.73,23.3,882
191,220.95,15.5,230
103.74,437.28,27.7,960
141.47,13.55,31,134
111.6,32.44,28.2,315
143.53,214.48,6.9,0
190.32,386.68,36.2,457
87.2,455.86,3.3,18
190.64,174.77,38.1,69
138.57,413.33,15.6,685
81.52,42.15,19.1,379
97.48,79.38,24.7,380
197.99,34.24,1.6,0
191.23,328.1,14.3,336
115.03,433.44,1.2,0
180.63,286.2,16.4,440
57.23,134.44,34.2,462
172.48,291.14,1.8,0
184.31,239.05,11.4,162
72.15,450.76,0.7,0
66.89,175.56,36.2,428
56.35,214.93,24.1,719
104.25,165.66,5.2,0
90.24,423.29,38.8,622
83.26,317.73,16.2,624
103.06,110.69,10.3,33
186.67,464.29,20.3,799
138.73,229.46,9.3,108
99.42,273.3,1.1,0
152.39,74.44,31.9,240
84.19,416.41,30.3,853
69.32,486.27,13.2,765
68.71,186.45,33.3,511
146.42,130.56,11.6,91
55.96,313.52,6.4,182
150.03,404.26,8.6,318
166.84,419.68,3.1,0
113.31,470.34,38.3,634
53.3,245.76,22.5,702
56.58,242.72,4.2,0
70.5,269.91,20.9,723
110.98,478.02,16.7,903
91.17,292.38,16.3,611
117.64,114.83,28.3,447
123.63,15.36,28.3,278
123.06,176,15.6,376
198.23,416.39,38.6,323
163.26,290.14,18.6,508
107.07,192.52,21.1,579
151.65,215.1,0.1,0
97.2,150.71,29.1,465
68.84,263.29,36.6,515
179.68,297.46,7.7,35
193.58,231.85,6.3,0
132.52,99.34,25.5,355
81.92,37.18,28.2,324
127.27,127.4,25.1,444
126.29,261.14,25.8,640
88.37,301.92,37.9,474
180.41,434.14,35.7,597
75.04,97.89,21.3,446
50.15,61.83,33,390
92.52,491.27,5.1,275
112.69,140.04,36.2,225
164.09,130.14,18.2,302
165.35,270.09,33.6,404
64.33,62.9,5.8,0
101.01,187.4,28.9,509
138.69,433.91,13.1,633
109.24,262.62,6.8,48
75.85,234.91,32.2,558
51,189.57,16.4,539
68.02,238.04,9.8,237
175.91,312.08,17.8,511
51.74,96.53,6.2,0
95.09,81.35,32.8,277
193.41,461.57,4.8,20
135.98,323.94,24.4,761
131.47,253.86,4.7,0
68.4,464.68,11.9,698
197.03,185.8,12.9,106
170.12,260.29,39.2,143
119.82,497.44,31.7,918
189.59,201.72,12.7,112
121.7,59.5,2.7,0
77.76,207.05,9.5,200
149.14,175.82,13.7,206
194.08,103.04,0.5,0
89.51,54.05,1.4,0
98.25,330.63,32.1,746
191.33,334.06,22.5,597
62.06,377.61,5.5,195
83.25,308.65,18.8,722
106.81,109.56,5.2,0
56.06,126.37,11,226
166.66,127.99,6.6,0
161.93,85.62,39.9,0
171.2,13.83,32.1,70
182.42,455.61,38.4,487
197.25,59.88,25.7,158
129.92,448.82,25.3,948
63.85,460.71,16.6,902
75.1,366.47,20.9,897
109.87,241.68,7.9,24
118.74,23.36,19.1,204
59.26,171.43,30.1,549
98.68,498.82,38.5,686
103.62,131.41,13.7,236
197.64,25.73,33.5,26
170.88,290.3,21.7,597
52.35,390.43,30.6,925
126.28,347.37,39.3,354
154.89,472.67,15.7,724
196.71,408.42,21.2,724
54.82,230.34,13.9,470
69.02,301.94,33.7,694
82.39,106.37,12.8,172
51.14,258.05,34.5,649
70.29,295.5,29.5,739
116.62,256.45,27,605
169.69,83.42,9.9,0
106.83,46.59,13.1,113
133.39,240.66,15.6,419
72.7,441.13,6.7,395
138.82,228.68,30,490
159.69,460.45,18.9,756
134.32,291.53,20.3,636
58.63,176.85,32.5,544
65.11,244.19,32.2,586
172.17,278.97,34.8,416
62.83,326.65,23.7,854
193.46,483.47,30.7,807
81.12,313.01,31,785
160.6,10.14,4.1,0
144.63,103.24,39.2,0
143.36,354.28,1.3,0
81.33,42.98,12.9,114
70.39,252.27,30,696
79.49,139.61,1.6,0
177.63,228.93,19.7,396
121.62,177.22,2.6,0
64.51,174.6,24.1,640
193,217.98,15.6,225
117.8,45.6,33.2,201
171.43,495.67,12,604
71.75,371.21,35.7,716
63.48,243.37,14.6,528
78.4,82.88,5.3,0
181.26,70.46,1.4,0
183.17,177.78,18.2,270
73.8,429.08,23.3,1002
114.4,208.6,12.2,305
173.62,236.63,31.1,452
116.24,353.55,26.1,784
171.45,250.1,30.6,512
199.81,200.43,11.5,36
84.18,96.26,17.5,364
79.44,151.62,17.3,405
99.16,28.84,19.9,309
58.41,125.25,13.5,271
52.46,75.41,4.8,0
138.5,147.64,6,0
66.78,342.29,4.6,73
111.33,256.15,27.6,649
104.62,480.73,30.2,929
188.15,65.09,28.3,229
105.44,22.73,23.2,276
157.26,313.75,29.7,595
185.92,347.67,5.9,0
187.15,192.48,20.7,341
67.77,82.24,30.2,399
195.32,288.67,25.4,492
75.15,10.8,13,65
91.27,342.77,35.4,636
68.71,433.21,18.3,879
169.6,476.6,6.8,252
174.61,99.92,34.2,97
186.7,163.09,33.4,279
198.84,358.24,31.5,564
197.84,20.41,10.6,0
175.81,366.39,36.2,497
96.99,428.29,9,388
117.64,408.39,15.8,724
197.17,105.19,38.4,0
130.47,43.45,18.6,190
96.99,360.22,6.5,115
159.94,146.55,10.4,0
169.8,189.37,35.5,228
109.1,73.94,38,70
171.94,291.87,28.9,572
128.36,243,36.8,346
137.69,405.39,26.3,867
108.59,183.34,11.2,141
72.46,366.5,15.9,719
99.96,108.11,29.5,395
96.1,486.02,34.8,823
112.61,201.65,9.1,35
159.66,297.11,15.1,476
187.11,65.87,9.6,0
189.46,185.61,35.7,189
164.93,284.61,29.4,512
182.65,248.31,31.2,384
75.22,172.84,29.3,524
120.98,369.83,4.3,0
173.35,436.83,16.7,686
125.57,315.28,29.5,675
54.54,354.83,36.1,661
156.23,289.55,8.7,121
122.15,275.61,8.7,132
103.99,498.28,38.5,660
58,421.93,21.4,1007
167.29,204.11,12.8,167
168.02,205.95,8.9,0
160.57,450.09,14.2,590
197.98,151.83,6.7,0
70.76,364.48,13,574
70.84,312.51,19.9,727
129.33,476.45,20.8,915
130.62,232.92,25.7,562
74.76,483.92,3.1,155
149.89,287.13,2.8,0
72.87,219.99,34.3,523
59,216.21,17.7,554
85.85,432.14,7.2,355
110.14,366.87,33.9,660
74.32,435.41,5.1,181
102.84,35.44,5.6,0
97.41,440.12,17.1,878
107.37,424.52,30.5,887
159.32,194.8,15.5,252
167.68,358.67,32.5,611
125.78,492.95,13.5,696
187.34,164.42,27.7,307
155.55,360.99,4.3,0
129.49,340.34,27.8,693
139.8,84.21,20.4,340
181.04,319.4,11.3,268
140.25,167.24,12.3,143
113.25,334.37,32.4,672
78.84,34,32.4,298
116.55,224.28,1.3,0
170.64,43.99,5.8,0
141.23,163.16,5.6,0
88.58,391.52,28.8,910
83.87,330.02,0.8,0
173.19,475.01,4.5,62
146.01,335.77,25.7,745
123.71,309.56,33.1,582
62.05,366.62,19.6,914
73.07,90.75,39,94
81.16,345.04,1.9,0
100.35,164.95,35.3,375
122.91,413.33,24.8,875
163.97,312.16,22.9,622
54.27,362.22,0,0
129.75,488.11,20.5,905
122.3,483.66,21.1,901
195.65,227.7,23.1,422
128.94,294.84,7.3,22
154.88,40.88,18.4,160
153.07,14.83,33.3,51
58.41,242.67,18.4,637
138.7,67.09,18.3,217
86.42,369.01,15.3,732
161.12,176.38,38.5,87
96.93,245.92,2.2,0
103.49,272.8,23.5,714
153.68,328.37,30.2,680
192.29,16.32,9.2,0
81.32,461.2,18.8,933
123.56,166.51,8.4,0
142.65,273.41,21.8,639
192.24,481.56,25.2,818
52.13,496.43,13.5,867
136.62,217.05,35.4,366
176.99,363.23,13.2,369
54.25,216.43,27.4,657
180.91,435.95,25.7,819
168.9,155.85,4.7,0
64.44,270.77,23.3,778
129.2,102.76,25.4,402
177.02,393.78,38.1,392
152.29,110.83,26.6,322
159.16,310.35,26.5,602
157.42,422.33,25.3,801
199.82,471.07,38.3,463
152.62,290.7,27.6,610
143.6,101.22,32.6,235
186.12,308.09,4,0
124.97,89.59,25.5,367
196.45,302.69,1.3,0
56.69,90.24,12.7,201
180.18,13.8,17.7,84
133.52,98.29,33.1,230
69.11,213.66,6.8,33
122.82,94.42,11.8,66
78.16,42.28,16.4,293
185.76,18.46,36.5,0
69.72,150.6,2.2,0
92.03,150.19,8.9,9
138.35,142.12,18.4,323
65.27,458.58,11.1,668
184.49,292.77,26.4,556
135.37,11,11.3,0
125.86,55.43,16.1,169
100.04,80.5,21.9,359
135.55,114.04,35.3,163
121.05,253.98,15.6,417
113.17,18.87,22.4,238
161.13,124.94,9.9,0
64.99,192.48,25,647
60.17,455.61,38.9,645
195.39,60.41,38.8,0
146.38,61.45,13.4,32
146.4,252.29,15.1,381
52.34,383.43,11,539
86.62,98.44,26.5,456
123.06,200.58,28.5,484
164.89,129.13,14.8,111
141.21,381.49,18.9,753
158.62,218.68,39.7,86
123.19,470.36,20.3,899
116.96,53.3,9.3,0
87.26,375.84,14.9,646
88.51,267.28,14.6,538
163.92,428.56,20.9,771
185.34,183.62,4.3,0
150.15,18.82,28.9,215
128.43,363.62,17.7,649
53.61,232.63,35.7,511
113.42,265.14,31.1,602
167.07,259.34,37.6,189
122.38,466.86,39,575
109.37,330.58,24.8,823
149.56,203.68,23.4,468
135.86,205.29,16.9,362
156.72,187.85,31.2,403
126.87,434.13,6.3,225
182.66,53.71,2.2,0
199.66,277.9,24.4,524
144.43,55.1,9.2,0
58.21,331.73,2.1,0
103.73,277.16,33.9,553
188.22,151.59,16.3,239
131.52,187.69,21.7,534
174.31,483.7,10.9,529
74.09,275.75,3.8,0
165.44,331.69,2.1,0
81.37,169.62,1.4,0
63.07,123.74,9.1,86
137.91,181.17,13,248
81.62,39.06,35.9,203
126.14,199.14,1.6,0
192.33,98.89,14.5,83
172.81,61.12,10.6,0
118.63,225.87,28.8,582
118.29,439.55,37.8,601
162.43,211.75,2.8,0
162.54,184.01,32.9,346
104.64,191.2,3.1,0
187.29,461.58,10.5,446
99.97,72.97,1.8,0
125.66,434.69,27,910
156.77,244.7,10.6,152
193.71,109.58,39.3,0
89.33,428.35,33.6,779
75.05,254.41,13.8,496
138.75,110.52,14,158
198.94,16.33,11.4,0
169.96,320.97,11.9,339
51.27,258.52,17.8,663
54.79,200.06,28.9,620
179.21,216.47,37.5,135
68.17,49.11,37.3,116
125.91,323.82,35.7,501
185.49,472.46,1.1,0
161.3,461.67,22.7,861
68.62,276.14,19.4,737
115.71,317.37,21.2,698
167.66,289.69,0.2,0
56.56,326.68,33.9,707
107.18,473.63,3.2,16
172.7,393.09,36.3,466
92.22,160.57,21.4,575
191.38,194.94,0.6,0
89.66,169.41,10.8,198
186.93,287.24,18,488
129.21,111.01,12.5,118
155.73,159.12,13.4,179
169.5,61.86,30.7,169
173.32,53.03,38.6,0
133.44,447.13,31.7,814
191.14,72.01,14.5,17
90.91,350.13,7.7,279
190.03,296.38,16.9,388
155.57,345.85,6.2,30
190.98,295.35,4.3,0
76.86,106.2,13.6,242
199.78,20.05,16.2,0
139.16,332.53,35.7,500
120.84,262.84,6.1,0
78.44,394.53,30,904
165,431.33,3.2,0
137.28,246.3,15.3,386
155.73,243.98,4.1,0
76.13,220.34,3.7,0
162.43,251.94,6.3,0
56.41,33.43,36.6,171
103.53,60.34,28.5,407
145.74,117.02,17.7,255
65.96,403.78,2,0
58.51,404.18,23.7,1025
126.29,477.79,15.3,769
54.76,180.7,21.3,643
144.63,191.42,39.2,138
77.16,269.86,36,535
146.64,406.64,12.7,526
97.22,432.77,13,671
135.14,133.62,11.7,107
123.29,220.82,12.7,271
140.84,461.02,28.8,925
156.88,499.3,16.7,762
59.42,161.88,9.2,151
90.36,484.28,31,1004
127.15,161.1,24.2,522
122.59,466.49,15.4,781
197.25,154.81,10.3,0
199.7,201.82,5.4,0
162.36,431.51,38.1,434
154.46,276.77,10.7,189
152.48,184.84,33.9,322
178.55,179.64,33.1,252
50.07,385.42,22.8,1015
71.17,48.71,28.1,437
146.17,212.65,32.4,396
138.12,110.45,33.3,203
117.29,154.91,32.4,381
138.02,11.55,12.1,0
52.6,209.09,14,480
127.04,140.56,39,18
104.93,108.97,35,300
77.55,92.51,25.4,490
185.9,261.89,32.8,350
173.2,39.19,1.9,0
108.11,447.83,38,638
129.75,258.28,6.8,0
64.4,363.26,31.2,822
195.19,324.32,25.4,611
114.49,427.11,4.9,95
103.52,72.73,0.1,0
126.09,225.56,7.7,0
95.08,61.5,5.2,0
184.94,227.99,24.3,494
142.32,142.72,33,265
75.56,386,17.4,827
100.01,498.12,35.9,813
166.36,226.77,34.7,279
62.6,203.1,28.7,694
57.35,169.57,21.1,657
195.12,254.84,18,374
84.57,199.61,24.8,656
76.24,94.93,30.8,420
50.14,280.78,37,526
59.91,224.48,8.4,138
72.36,413.67,1.6,0
121.57,295.71,22.2,726
98.84,347.96,6.5,103
51.73,106.47,2.1,0
74.44,385.2,32.5,806
181.54,211.94,29.2,390
197.41,161.79,6.9,0
66,244.42,19.4,643
168.9,412.77,1.6,0
187.37,491.32,38.7,437
167.36,288.85,1.2,0
119.97,38.48,13,0
88.42,390.28,32.1,850
125.93,320.33,25.7,694
59.84,463.4,24.3,1120
195.23,119.32,34,160
69.65,60.3,11.4,127
156.08,199.2,12.9,185
102.49,478.5,37.2,756
73.96,413.49,25.1,971
165.38,110.33,24.3,340
61.2,387.02,18.1,898
193.03,276,3.5,0
162.07,399.03,33.6,649
172.41,141.73,9.3,0
53.22,183.11,12.5,399
73.02,398.03,7.7,308
158.1,113.18,12.4,52
119.64,154.81,31.6,368
151.02,208.59,7.9,0
162.71,328.59,9.7,222
178.33,170.93,0.5,0
149.3,73.86,7.6,0
197.01,86.09,0.1,0
128.1,412.71,14.7,681
94.34,302.63,25.1,742
84.75,115.62,6.2,0
50.99,365.69,18.1,827
117.28,357.11,36.6,522
77.32,42.81,27.1,437
88.43,284.5,19.1,729
137.75,240.18,34.3,409
108.25,264.45,37.1,363
59.42,74.13,29.1,409
84.85,120.44,34.1,393
138.47,220.31,22.8,553
150.69,65.98,25.2,272
140.92,352.67,22.6,720
136.71,26.81,18.2,221
108.75,194.5,12.6,295
108.37,395.29,1,0
198.46,243.92,11.6,62
154.99,396.08,3.5,0
51.49,125.55,38.1,287
92.75,366.63,18.7,786
97.06,366.75,12.1,521
106.53,341.41,32.4,729
68.08,34.64,25.8,446
127.35,82,32.5,211
172.15,78.66,35,102
190.21,112.14,32,159
82,58.03,13.7,189
58.9,372.31,7.5,289
119.14,197.31,24.2,552
65.1,496.67,32,1010
65.13,422.31,20.4,914
87.12,137.08,32.6,385
69.52,400.58,34.7,740
62.86,14.25,31.6,307
133.89,10.22,0.2,0
69.17,70.38,3.4,0
119.09,206.23,31.8,440
169.08,44.02,31.5,150
64.26,369.56,36.2,646
141.62,140,9.4,0
189.93,251.38,29.7,405
77,250.2,6.8,52
86.34,296.88,16.4,597
121.31,241.11,20.9,565
193.09,485.48,4,0
153.57,123.89,19,348
129.69,330.86,34.9,506
69.65,294.17,23.6,782
147.57,36.05,38.8,0
55.39,381.59,0.7,0
57.51,268.23,18.5,677
100.04,279.99,11,358
155.11,216.96,15.8,374
196.83,132.1,13.6,71
126.36,162.54,2.6,0
165.97,63.46,30.1,232
176.69,468.19,12.9,515
147,401.65,1,0
185.57,442.59,13.3,552
83.8,432.59,7.6,405
193.05,250.28,25.7,439
107.66,371.63,2.1,0
102.06,123.86,21.5,445
55.93,219.86,31.6,613
128.08,81.85,8.7,0
105.59,16.3,5.3,0
156.82,17.22,24.7,178
175.74,116.99,15.8,160
63.57,16.6,29.2,364
193.49,24.29,4,0
170.59,357.3,38.1,397
193.22,493.69,15.9,708
135.52,79.41,29.9,294
158.16,459.31,14.7,643
138.36,312.58,6.2,10
179.26,451.18,6.3,142
180.18,38.28,0.9,0
179.78,331.63,36.2,420
146.81,444.92,25.7,842
181.38,167.83,9.1,0
169.83,109.18,20.1,252
193.6,308.89,2.5,0
190.67,197.39,28,430
74.58,51.03,38.3,81
120.84,224.1,36.2,306
52.78,130.81,9.6,95
97.39,291.05,9.4,275
61.79,486.67,0.5,0
74.69,134.99,19.7,542
196.15,201.82,12.7,115
77.4,188.66,0.5,0
163.23,188.79,0.2,0
145.62,414.36,18.4,694
99.84,207.22,15.6,452
79.26,441.76,20.4,942
148.07,369.26,29.7,668
168.71,363.86,36.8,453
81.26,401.56,26.2,959
128.38,463.27,35.9,711
87.65,67.32,39.7,0
68.97,338.81,30.5,858
72.56,452.76,7.8,454
146.15,139.72,36.9,135
141.65,85.36,29.9,316
134.62,18.35,0.4,0
194.54,246.44,10.9,52
160.6,428.89,10.2,394
51.74,440.17,1.6,0
113.16,359.31,4.8,0
101.01,240.4,37.1,373
107.03,251.39,23.2,669
133.4,409.61,23.1,820
142.21,304.18,24.5,713
81.83,289.68,16.8,665
85.21,210.88,17.3,486
73.84,146.33,26.6,561
78.82,370.6,14.4,722
164.46,117.29,25.3,306
161.58,331.06,34.7,476
175.36,19.75,27.2,158
166.83,463.75,11.8,528
140.75,298.34,33.2,566
104.67,133.63,35.2,271
185.3,90.72,37.9,0
51.35,341.45,30.7,877
95.25,171.89,25.8,581
102.35,16.54,37.4,0
199.63,457.07,30.3,765
153.46,259.34,19.4,554
128.07,428.71,1,0
134.26,364.8,36.7,473
174.81,361.4,38.7,339
184.8,264.94,29.7,457
102.69,371.9,38.4,489
73.74,51.37,38.2,58
119.31,247.37,21.5,611
171.36,428.35,0.3,0
193.65,171.41,19.5,294
85.68,189.14,19.4,552
192.61,251.75,15,245
59.42,482.21,4.9,321
99.32,135.09,38.9,101
199.57,298.85,5.4,0
150.62,73.2,20.3,260
175.06,82.78,25.1,230
110.32,338.78,0.1,0
54.41,203.86,29.5,646
149.14,30.3,7.4,0
134.5,280.62,24.2,651
68.29,174.47,13.1,315
140.98,65.58,11.2,0
146.34,392.25,14.6,610
189.51,273.24,17.4,369
65.78,58.44,33.2,301
83.82,164.59,9.6,123
114.24,303.2,17.9,596
78.24,105.05,25.2,487
68.11,254.24,0.6,0
120.34,234.36,31.1,500
80.75,231.48,8.5,138
91.3,354.85,7.4,197
77.05,25.71,27.3,371
122.06,59.95,30,334
52.19,64.42,37.4,223
178.44,392.68,15.3,528
128.01,475.61,26.2,905
172.42,252.78,32.3,474
